book_title,year,editor,song_no,song_title,book_path,song_path,no_parts,voices,text,languages,complete,lyrics,tags,done,additional info,time,time_sig,key,key_sig,Favourites,
The Third and Fourth Booke of Ayres,1617,"Campion, Thomas",3-1,Oft have I sigh'd,campion_ayres3-4,1_oft_have_i_sighd,2,SBC,S-,English,SBC,Y,,Y,,duple,"IT,mP/IT,mP",d,1F/2F,,"\addcontentsline{toc}{subsection}{Oft have I sigh'd}\includepdf[pagecommand={\thispagestyle{fancy}}, trim = -25 90 -25 40,clip]{1_oft_have_i_sighd}"
The Third and Fourth Booke of Ayres,1617,"Campion, Thomas",3-2,Now let her change,campion_ayres3-4,2_now_let_her_change,2,SBC,S-,English,SBC,Y,,Y,,duple,"IT,mP,cut/IT,mP,cut",g,2F/2F,,"\addcontentsline{toc}{subsection}{Now let her change}\includepdf[pagecommand={\thispagestyle{fancy}}, trim = -25 90 -25 40,clip]{2_now_let_her_change}"
The Third and Fourth Booke of Ayres,1617,"Campion, Thomas",3-3,Were my heart as,campion_ayres3-4,3_were_my_heart_as,2,SBC,S-,English,SBC,Y,,Y,,duple,"IT,mP,cut/IT,mP,cut",c,2F/2F,,"\addcontentsline{toc}{subsection}{Were my heart as}\includepdf[pagecommand={\thispagestyle{fancy}}, trim = -25 90 -25 40,clip]{3_were_my_heart_as}"
The Third and Fourth Booke of Ayres,1617,"Campion, Thomas",3-4,Maids are simple some men say,campion_ayres3-4,4_maids_are_simple,2,SBC,S-,English,SBC,Y,,Y,,duple,"IT,mP,cut/IT,mP,cut",g,1F/2F,,"\addcontentsline{toc}{subsection}{Maids are simple some men say}\includepdf[pagecommand={\thispagestyle{fancy}}, trim = -25 90 -25 40,clip]{4_maids_are_simple}"
The Third and Fourth Booke of Ayres,1617,"Campion, Thomas",3-5,So tyr'd are all my thoughts,campion_ayres3-4,5_so_tyrd,2,SBC,S-,English,SBC,Y,,Y,,duple,"IT,mP,cut/IT,mP,cut",d,1F/1F,,"\addcontentsline{toc}{subsection}{So tyr'd are all my thoughts}\includepdf[pagecommand={\thispagestyle{fancy}}, trim = -25 90 -25 40,clip]{5_so_tyrd}"
The Third and Fourth Booke of Ayres,1617,"Campion, Thomas",3-6,Why presumes thy pride,campion_ayres3-4,6_why_presumes,2,SBC,S-,English,SBC,Y,,Y,,duple,"IT,mP/IT,mP",,1F/2F,,"\addcontentsline{toc}{subsection}{Why presumes thy pride}\includepdf[pagecommand={\thispagestyle{fancy}}, trim = -25 90 -25 40,clip]{6_why_presumes}"
The Third and Fourth Booke of Ayres,1617,"Campion, Thomas",3-7,Kind are her answeres,campion_ayres3-4,7_kinde_are,2,SBC,S-,English,SBC,Y,,Y,,duple,"IT,mP/IT,mP",,0/2F,,"\addcontentsline{toc}{subsection}{Kind are her answeres}\includepdf[pagecommand={\thispagestyle{fancy}}, trim = -25 90 -25 40,clip]{7_kinde_are}"
The Third and Fourth Booke of Ayres,1617,"Campion, Thomas",3-8,"O griefe, o spight",campion_ayres3-4,8_o_griefe,2,SBC,S-,English,SBC,Y,,Y,,,"IT,mP/IT,mP, cut",,1F/2F,,"\addcontentsline{toc}{subsection}{O griefe, o spight}\includepdf[pagecommand={\thispagestyle{fancy}}, trim = -25 90 -25 40,clip]{8_o_griefe}"
The Third and Fourth Booke of Ayres,1617,"Campion, Thomas",3-9,O never to be mov'd,campion_ayres3-4,9_o_never,2,SBC,S-,English,SBC,Y,hemiola,Y,,,"IT,mP,cut/IT,mP,cut",,1F/2F,,"\addcontentsline{toc}{subsection}{O never to be mov'd}\includepdf[pagecommand={\thispagestyle{fancy}}, trim = -25 90 -25 40,clip]{9_o_never}"
The Third and Fourth Booke of Ayres,1617,"Campion, Thomas",3-10,Breake now my heart and dye,campion_ayres3-4,10_breake_now,2,SBC,S-,English,SBC,Y,"hemiola, SC",Y,,,"IT,mP,cut/IT,mP,cut",,1F/2F,Y,"\addcontentsline{toc}{subsection}{Breake now my heart and dye}\includepdf[pagecommand={\thispagestyle{fancy}}, trim = -25 90 -25 40,clip]{10_breake_now}"
The Third and Fourth Booke of Ayres,1617,"Campion, Thomas",3-11,If Love loves truth,campion_ayres3-4,11_if_love_loves_truth,2,SBC,S-,English,SBC,Y,,Y,,,"IT,mP,cut/IT,mP,cut",,0/0,,"\addcontentsline{toc}{subsection}{If Love loves truth}\includepdf[pagecommand={\thispagestyle{fancy}}, trim = -25 90 -25 40,clip]{11_if_love_loves_truth}"
The Third and Fourth Booke of Ayres,1617,"Campion, Thomas",3-12,Now winter nights enlarge,campion_ayres3-4,12_now_winter,2,SBC,S-,English,SBC,Y,,Y,,,"IT,mP/IT,mP",,0/0,,"\addcontentsline{toc}{subsection}{Now winter nights enlarge}\includepdf[pagecommand={\thispagestyle{fancy}}, trim = -25 90 -25 40,clip]{12_now_winter}"
The Third and Fourth Booke of Ayres,1617,"Campion, Thomas",3-13,Awake thou spring,campion_ayres3-4,13_awake_thou,2,SBC,S-,English,SBC,Y,,Y,,,"IT,mP,cut/IT,mP,cut",,3F/3F,,"\addcontentsline{toc}{subsection}{Awake thou spring}\includepdf[pagecommand={\thispagestyle{fancy}}, trim = -25 90 -25 40,clip]{13_awake_thou}"
The Third and Fourth Booke of Ayres,1617,"Campion, Thomas",3-14,What is it all that men possesse?,campion_ayres3-4,14_what_is_it,2,SBC,S-,English,SBC,Y,,Y,,,"IT,mP/IT,mP",,0/0,,"\addcontentsline{toc}{subsection}{What is it all that men possesse?}\includepdf[pagecommand={\thispagestyle{fancy}}, trim = -25 90 -25 40,clip]{14_what_is_it}"
The Third and Fourth Booke of Ayres,1617,"Campion, Thomas",3-15,Fire that must flame,campion_ayres3-4,15_fire_that,2,SBC,S-,English,SBC,Y,hemiola,Y,,,"IT,mP,cut/IT,mP,cut",,0/0,,"\addcontentsline{toc}{subsection}{Fire that must flame}\includepdf[pagecommand={\thispagestyle{fancy}}, trim = -25 90 -25 40,clip]{15_fire_that}"
The Third and Fourth Booke of Ayres,1617,"Campion, Thomas",3-16,If thou long'st so much,campion_ayres3-4,16_if_thou_longst,2,SBC,S-,English,SBC,Y,,Y,,,"IT,mP,cut/IT,mP",,2F/2F,Y,"\addcontentsline{toc}{subsection}{If thou long'st so much}\includepdf[pagecommand={\thispagestyle{fancy}}, trim = -25 90 -25 40,clip]{16_if_thou_longst}"
The Third and Fourth Booke of Ayres,1617,"Campion, Thomas",3-17,Shall I come sweet love?,campion_ayres3-4,17_shall_i_come,2,SBC,S-,English,SBC,Y,SC,Y,,,"IT,mP/IT,mP",,3F/3F,,"\addcontentsline{toc}{subsection}{Shall I come sweet love?}\includepdf[pagecommand={\thispagestyle{fancy}}, trim = -25 90 -25 40,clip]{17_shall_i_come}"
The Third and Fourth Booke of Ayres,1617,"Campion, Thomas",3-18,Thrice tosse these Oaken,campion_ayres3-4,18_thrice_tosse,2,SBC,S-,English,SBC,Y,,Y,,,"IT,mP/IT,mP",,1F/0,,"\addcontentsline{toc}{subsection}{Thrice tosse these Oaken}\includepdf[pagecommand={\thispagestyle{fancy}}, trim = -25 90 -25 40,clip]{18_thrice_tosse}"
The Third and Fourth Booke of Ayres,1617,"Campion, Thomas",3-19,Be thou then my beauty,campion_ayres3-4,19_be_thou,2,SBC,S-,English,SBC,Y,,Y,,,"IT,mP/IT,mP",,1F/2F,Y,"\addcontentsline{toc}{subsection}{Be thou then my beauty}\includepdf[pagecommand={\thispagestyle{fancy}}, trim = -25 90 -25 40,clip]{19_be_thou}"
The Third and Fourth Booke of Ayres,1617,"Campion, Thomas",3-20,"Fire, fire, fire, fire, loe here",campion_ayres3-4,20_fire_fire,2,SBC,S-,English,SBC,Y,"hemiola, ties, alternate endings",Y,,,"IT,mP/IT,mP, cut",,0/0,,"\addcontentsline{toc}{subsection}{Fire, fire, fire, fire, loe here}\includepdf[pagecommand={\thispagestyle{fancy}}, trim = -25 90 -25 40,clip]{20_fire_fire}"
The Third and Fourth Booke of Ayres,1617,"Campion, Thomas",3-21,O sweet delight,campion_ayres3-4,21_o_sweet,2,SBC,S-,English,SBC,Y,,Y,,,"IT,mP/IT,mP, cut",,3F/3F,,"\addcontentsline{toc}{subsection}{O sweet delight}\includepdf[pagecommand={\thispagestyle{fancy}}, trim = -25 90 -25 40,clip]{21_o_sweet}"
The Third and Fourth Booke of Ayres,1617,"Campion, Thomas",3-22,Thus I resolve,campion_ayres3-4,22_thus_i_resolve,2,SBC,S-,English,SBC,Y,,Y,,,"IT,mP/IT,mP, cut",,2F/2F,,"\addcontentsline{toc}{subsection}{Thus I resolve}\includepdf[pagecommand={\thispagestyle{fancy}}, trim = -25 90 -25 40,clip]{22_thus_i_resolve}"
The Third and Fourth Booke of Ayres,1617,"Campion, Thomas",3-23,"Come, & come my lifes",campion_ayres3-4,23_come_come,2,SBC,S-,English,SBC,Y,"hemiola, alternate endings",Y,,,"IT,mP,cut/IT,mP",,1F/2F,,"\addcontentsline{toc}{subsection}{Come, & come my lifes}\includepdf[pagecommand={\thispagestyle{fancy}}, trim = -25 90 -25 40,clip]{23_come_come}"
The Third and Fourth Booke of Ayres,1617,"Campion, Thomas",3-24,Could my heart more,campion_ayres3-4,24_could_my_heart,2,SBC,S-,English,SBC,Y,,Y,,,"IT,mP/IT,mP, cut",,1F/1F,,"\addcontentsline{toc}{subsection}{Could my heart more}\includepdf[pagecommand={\thispagestyle{fancy}}, trim = -25 90 -25 40,clip]{24_could_my_heart}"
The Third and Fourth Booke of Ayres,1617,"Campion, Thomas",3-25,Sleepe angry beautie,campion_ayres3-4,25_sleepe_angry,2,SBC,S-,English,SBC,Y,,Y,,,"IT,mP,cut/IT,mP",,2F/2F,,"\addcontentsline{toc}{subsection}{Sleepe angry beautie}\includepdf[pagecommand={\thispagestyle{fancy}}, trim = -25 90 -25 40,clip]{25_sleepe_angry}"
The Third and Fourth Booke of Ayres,1617,"Campion, Thomas",3-26,Silly boy 'tis full Moone yet,campion_ayres3-4,26_silly_boy,2,SBC,S-,English,SBC,Y,"hemiola, ties",Y,,,"IT,mP/IT,mP",,0/0,,"\addcontentsline{toc}{subsection}{Silly boy 'tis full Moone yet}\includepdf[pagecommand={\thispagestyle{fancy}}, trim = -25 90 -25 40,clip]{26_silly_boy}"
The Third and Fourth Booke of Ayres,1617,"Campion, Thomas",3-27,Never love unlesse you can,campion_ayres3-4,27_never_love,2,SBC,S-,English,SBC,Y,,Y,,,"IT,mP,cut/IT,mP",,2F/2F,Y,"\addcontentsline{toc}{subsection}{Never love unlesse you can}\includepdf[pagecommand={\thispagestyle{fancy}}, trim = -25 90 -25 40,clip]{27_never_love}"
The Third and Fourth Booke of Ayres,1617,"Campion, Thomas",3-28,"So quicke, so hot",campion_ayres3-4,28_so_quicke,2,SBC,S-,English,SBC,Y,hemiola,Y,,,"3/IT,mP",,0/0,,"\addcontentsline{toc}{subsection}{So quicke, so hot}\includepdf[pagecommand={\thispagestyle{fancy}}, trim = -25 90 -25 40,clip]{28_so_quicke}"
The Third and Fourth Booke of Ayres,1617,"Campion, Thomas",3-29,Shall I then hope,campion_ayres3-4,29_shall_i_then,2,SBC,S-,English,SBC,Y,ties,Y,,,"IT,mP/IT,mP",,0/0,,"\addcontentsline{toc}{subsection}{Shall I then hope}\includepdf[pagecommand={\thispagestyle{fancy}}, trim = -25 90 -25 40,clip]{29_shall_i_then}"
The Third and Fourth Booke of Ayres,1617,"Campion, Thomas",4-1,Leave prolonging,campion_ayres3-4,30_leave_prolonging,2,SBC,S-,English,SBC,Y,"ties, hemiola",Y,,,,,,,"\addcontentsline{toc}{subsection}{Leave prolonging}\includepdf[pagecommand={\thispagestyle{fancy}}, trim = -25 90 -25 40,clip]{30_leave_prolonging}"
The Third and Fourth Booke of Ayres,1617,"Campion, Thomas",4-2,Respect my faith,campion_ayres3-4,31_respect_my_faith,2,SBC,S-,English,SBC,Y,,Y,,,,,,,"\addcontentsline{toc}{subsection}{Respect my faith}\includepdf[pagecommand={\thispagestyle{fancy}}, trim = -25 90 -25 40,clip]{31_respect_my_faith}"
The Third and Fourth Booke of Ayres,1617,"Campion, Thomas",4-3,Thou ioy'st fond boy,campion_ayres3-4,32_thou_ioyst,2,SBC,S-,English,SBC,Y,,Y,,,,,,,"\addcontentsline{toc}{subsection}{Thou ioy'st fond boy}\includepdf[pagecommand={\thispagestyle{fancy}}, trim = -25 90 -25 40,clip]{32_thou_ioyst}"
The Third and Fourth Booke of Ayres,1617,"Campion, Thomas",4-4,Vayle love mine eyes,campion_ayres3-4,33_vayle_love,2,SBC,S-,English,SBC,Y,ties,Y,,,,,,,"\addcontentsline{toc}{subsection}{Vayle love mine eyes}\includepdf[pagecommand={\thispagestyle{fancy}}, trim = -25 90 -25 40,clip]{33_vayle_love}"
The Third and Fourth Booke of Ayres,1617,"Campion, Thomas",4-5,Every Dame affects good fame,campion_ayres3-4,34_every_dame,2,SBC,S-,English,SBC,Y,,Y,,,,,,,"\addcontentsline{toc}{subsection}{Every Dame affects good fame}\includepdf[pagecommand={\thispagestyle{fancy}}, trim = -25 90 -25 40,clip]{34_every_dame}"
The Third and Fourth Booke of Ayres,1617,"Campion, Thomas",4-6,So sweet is thy discourse,campion_ayres3-4,35_so_sweet,2,SBC,S-,English,SBC,Y,,Y,,,,,,,"\addcontentsline{toc}{subsection}{So sweet is thy discourse}\includepdf[pagecommand={\thispagestyle{fancy}}, trim = -25 90 -25 40,clip]{35_so_sweet}"
The Third and Fourth Booke of Ayres,1617,"Campion, Thomas",4-7,There is a Garden in her face,campion_ayres3-4,36_there_is_a_garden,2,SBC,S-,English,SBC,Y,ties,Y,,,,,,,"\addcontentsline{toc}{subsection}{There is a Garden in her face}\includepdf[pagecommand={\thispagestyle{fancy}}, trim = -25 90 -25 40,clip]{36_there_is_a_garden}"
The Third and Fourth Booke of Ayres,1617,"Campion, Thomas",4-8,To his sweet Lute,campion_ayres3-4,37_to_his_sweet_lute,2,SBC,S-,English,SBC,Y,,Y,,,,,,,"\addcontentsline{toc}{subsection}{To his sweet Lute}\includepdf[pagecommand={\thispagestyle{fancy}}, trim = -25 90 -25 40,clip]{37_to_his_sweet_lute}"
The Third and Fourth Booke of Ayres,1617,"Campion, Thomas",4-9,Young and simple though I am,campion_ayres3-4,38_young_and_simple,2,SBC,S-,English,SBC,Y,,Y,,,,,,Y,"\addcontentsline{toc}{subsection}{Young and simple though I am}\includepdf[pagecommand={\thispagestyle{fancy}}, trim = -25 90 -25 40,clip]{38_young_and_simple}"
The Third and Fourth Booke of Ayres,1617,"Campion, Thomas",4-10,Love me or not,campion_ayres3-4,39_love_me,2,SBC,S-,English,SBC,Y,,Y,,,,,,,"\addcontentsline{toc}{subsection}{Love me or not}\includepdf[pagecommand={\thispagestyle{fancy}}, trim = -25 90 -25 40,clip]{39_love_me}"
The Third and Fourth Booke of Ayres,1617,"Campion, Thomas",4-11,What meanes this folly?,campion_ayres3-4,40_what_meanes,2,SBC,S-,English,SBC,Y,,Y,,,,,,,"\addcontentsline{toc}{subsection}{What meanes this folly?}\includepdf[pagecommand={\thispagestyle{fancy}}, trim = -25 90 -25 40,clip]{40_what_meanes}"
The Third and Fourth Booke of Ayres,1617,"Campion, Thomas",4-12,Deare if I with guile,campion_ayres3-4,41_deare,2,SBC,S-,English,SBC,Y,,Y,,,,,,,"\addcontentsline{toc}{subsection}{Deare if I with guile}\includepdf[pagecommand={\thispagestyle{fancy}}, trim = -25 90 -25 40,clip]{41_deare}"
The Third and Fourth Booke of Ayres,1617,"Campion, Thomas",4-13,O Love where are thy shafts?,campion_ayres3-4,42_o_love,2,SBC,S-,English,SBC,Y,,Y,,,,,,Y,"\addcontentsline{toc}{subsection}{O Love where are thy shafts?}\includepdf[pagecommand={\thispagestyle{fancy}}, trim = -25 90 -25 40,clip]{42_o_love}"
The Third and Fourth Booke of Ayres,1617,"Campion, Thomas",4-14,Beauty is but a painted hell,campion_ayres3-4,43_beauty_is,2,SBC,S-,English,SBC,Y,,Y,,,,,,,"\addcontentsline{toc}{subsection}{Beauty is but a painted hell}\includepdf[pagecommand={\thispagestyle{fancy}}, trim = -25 90 -25 40,clip]{43_beauty_is}"
The Third and Fourth Booke of Ayres,1617,"Campion, Thomas",4-15,Are you what your?,campion_ayres3-4,44_are_you_what,2,SBC,S-,English,SBC,Y,,Y,,,,,,,"\addcontentsline{toc}{subsection}{Are you what your?}\includepdf[pagecommand={\thispagestyle{fancy}}, trim = -25 90 -25 40,clip]{44_are_you_what}"
The Third and Fourth Booke of Ayres,1617,"Campion, Thomas",4-16,"Since shee, even shee",campion_ayres3-4,45_since_shee,2,SBC,S-,English,SBC,Y,"ties, alternate endings",Y,,,,,,,"\addcontentsline{toc}{subsection}{Since shee, even shee}\includepdf[pagecommand={\thispagestyle{fancy}}, trim = -25 90 -25 40,clip]{45_since_shee}"
The Third and Fourth Booke of Ayres,1617,"Campion, Thomas",4-17,I must complaine,campion_ayres3-4,46_i_must_complaine,2,SBC,S-,English,SBC,Y,ties,Y,,,,,,,"\addcontentsline{toc}{subsection}{I must complaine}\includepdf[pagecommand={\thispagestyle{fancy}}, trim = -25 90 -25 40,clip]{46_i_must_complaine}"
The Third and Fourth Booke of Ayres,1617,"Campion, Thomas",4-18,Thinkest thou to seduce,campion_ayres3-4,47_thinkest_thos,2,SBC,S-,English,SBC,Y,"ties, hemiola, alternate endings",Y,,,,,,,"\addcontentsline{toc}{subsection}{Thinkest thou to seduce}\includepdf[pagecommand={\thispagestyle{fancy}}, trim = -25 90 -25 40,clip]{47_thinkest_thos}"
The Third and Fourth Booke of Ayres,1617,"Campion, Thomas",4-19,Her fayre inflaming eyes,campion_ayres3-4,48_her_fayre,2,SBC,S-,English,SBC,Y,,Y,,,,,,,"\addcontentsline{toc}{subsection}{Her fayre inflaming eyes}\includepdf[pagecommand={\thispagestyle{fancy}}, trim = -25 90 -25 40,clip]{48_her_fayre}"
The Third and Fourth Booke of Ayres,1617,"Campion, Thomas",4-20,Turne all thy thoughts,campion_ayres3-4,49_turne_all,2,SBC,S-,English,SBC,Y,,Y,,,,,,,"\addcontentsline{toc}{subsection}{Turne all thy thoughts}\includepdf[pagecommand={\thispagestyle{fancy}}, trim = -25 90 -25 40,clip]{49_turne_all}"
The Third and Fourth Booke of Ayres,1617,"Campion, Thomas",4-21,If any hath the heart to kill,campion_ayres3-4,50_if_any_hath,2,SBC,S-,English,SBC,Y,ties,Y,,,,,,,"\addcontentsline{toc}{subsection}{If any hath the heart to kill}\includepdf[pagecommand={\thispagestyle{fancy}}, trim = -25 90 -25 40,clip]{50_if_any_hath}"
The Third and Fourth Booke of Ayres,1617,"Campion, Thomas",4-22,Beauty since you,campion_ayres3-4,51_beauty_since_you,2,SBC,S-,English,SBC,Y,,Y,,,,,,Y,"\addcontentsline{toc}{subsection}{Beauty since you}\includepdf[pagecommand={\thispagestyle{fancy}}, trim = -25 90 -25 40,clip]{51_beauty_since_you}"
The Third and Fourth Booke of Ayres,1617,"Campion, Thomas",4-23,Your fayre lookes,campion_ayres3-4,52_your_fayre_lookes,2,SBC,S-,English,SBC,Y,,Y,,,,,,,"\addcontentsline{toc}{subsection}{Your fayre lookes}\includepdf[pagecommand={\thispagestyle{fancy}}, trim = -25 90 -25 40,clip]{52_your_fayre_lookes}"
The Third and Fourth Booke of Ayres,1617,"Campion, Thomas",4-24,Faine would I wed,campion_ayres3-4,53_fayne_would,2,SBC,S-,English,SBC,Y,passamezzo antico,Y,,,,,,Y,"\addcontentsline{toc}{subsection}{Faine would I wed}\includepdf[pagecommand={\thispagestyle{fancy}}, trim = -25 90 -25 40,clip]{53_fayne_would}"
Il Ballarino,1581,"Caroso, Fabritio",1,Alba Novella,caroso_ballarino,1_alba_novella,1,SC,,,SC,,balletto,Y,,,,,,,"\addcontentsline{toc}{subsection}{Alba Novella}\includepdf[pagecommand={\thispagestyle{fancy}}, trim = -25 90 -25 40,clip]{1_alba_novella}"
Il Ballarino,1581,"Caroso, Fabritio",2,Alta Regina,caroso_ballarino,2_alta_regina,1,SC,,,SC,,"cascarda, squilina",Y,,,,,,,"\addcontentsline{toc}{subsection}{Alta Regina}\includepdf[pagecommand={\thispagestyle{fancy}}, trim = -25 90 -25 40,clip]{2_alta_regina}"
Il Ballarino,1581,"Caroso, Fabritio",3,Este Gonzaga,caroso_ballarino,3_este_gonzaga,1,SC,,,SC,,balletto,Y,,,,,,,"\addcontentsline{toc}{subsection}{Este Gonzaga}\includepdf[pagecommand={\thispagestyle{fancy}}, trim = -25 90 -25 40,clip]{3_este_gonzaga}"
Il Ballarino,1581,"Caroso, Fabritio",4,Austria Gonzaga,caroso_ballarino,4_austria_gonzaga,1,SC,,,SC,,balletto,Y,mensural/lute tab different keys,,,,,,"\addcontentsline{toc}{subsection}{Austria Gonzaga}\includepdf[pagecommand={\thispagestyle{fancy}}, trim = -25 90 -25 40,clip]{4_austria_gonzaga}"
Il Ballarino,1581,"Caroso, Fabritio",5,Ardente Sole,caroso_ballarino,5_ardente_sole,1,SC,,,SC,,"balletto, passo e mezo, dolce amoroso fuoco",Y,identical to passo e mezo,,,,,,"\addcontentsline{toc}{subsection}{Ardente Sole}\includepdf[pagecommand={\thispagestyle{fancy}}, trim = -25 90 -25 40,clip]{5_ardente_sole}"
Il Ballarino,1581,"Caroso, Fabritio",6,Bassa Colonna,caroso_ballarino,6_bassa_colonna,1,SC,,,SC,,balletto,Y,,,,,,,"\addcontentsline{toc}{subsection}{Bassa Colonna}\includepdf[pagecommand={\thispagestyle{fancy}}, trim = -25 90 -25 40,clip]{6_bassa_colonna}"
Il Ballarino,1581,"Caroso, Fabritio",7,Gagliarda di Spagna,caroso_ballarino,7_gagliarda_di_spagna,1,SC,,,SC,,balletto,Y,,,,,,,"\addcontentsline{toc}{subsection}{Gagliarda di Spagna}\includepdf[pagecommand={\thispagestyle{fancy}}, trim = -25 90 -25 40,clip]{7_gagliarda_di_spagna}"
Il Ballarino,1581,"Caroso, Fabritio",8,Amor Costante,caroso_ballarino,8_amor_costante,1,SC,,,SC,,"balletto, maraviglia d'amore",Y,triple time section same as maraviglia d'amore,,,,,,"\addcontentsline{toc}{subsection}{Amor Costante}\includepdf[pagecommand={\thispagestyle{fancy}}, trim = -25 90 -25 40,clip]{8_amor_costante}"
Il Ballarino,1581,"Caroso, Fabritio",9,Fulgente Stella,caroso_ballarino,9_fulgente_stella,1,SC,,,SC,,cascarda,Y,mensural/lute tab different keys,,,,,,"\addcontentsline{toc}{subsection}{Fulgente Stella}\includepdf[pagecommand={\thispagestyle{fancy}}, trim = -25 90 -25 40,clip]{9_fulgente_stella}"
Il Ballarino,1581,"Caroso, Fabritio",10,Florido Giglio,caroso_ballarino,10_florido_giglio,1,SC,,,SC,,cascarda,Y,mensural/lute tab different keys,,,,,,"\addcontentsline{toc}{subsection}{Florido Giglio}\includepdf[pagecommand={\thispagestyle{fancy}}, trim = -25 90 -25 40,clip]{10_florido_giglio}"
Il Ballarino,1581,"Caroso, Fabritio",11,Occhi leggiadri,caroso_ballarino,11_occhi_leggiadri,1,SC,,,SC,,"balletto, fiamma d'amore",Y,mensural/lute tab different keys,,,,,,"\addcontentsline{toc}{subsection}{Occhi leggiadri}\includepdf[pagecommand={\thispagestyle{fancy}}, trim = -25 90 -25 40,clip]{11_occhi_leggiadri}"
Il Ballarino,1581,"Caroso, Fabritio",12,Pavaniglia,caroso_ballarino,12_pavaniglia,1,SC,,,SC,,balletto,Y,,,,,,,"\addcontentsline{toc}{subsection}{Pavaniglia}\includepdf[pagecommand={\thispagestyle{fancy}}, trim = -25 90 -25 40,clip]{12_pavaniglia}"
Il Ballarino,1581,"Caroso, Fabritio",13,la Villanella,caroso_ballarino,13_la_villanella,1,SC,,,SC,,balletto,Y,mensural/lute tab different keys,,,,,,"\addcontentsline{toc}{subsection}{la Villanella}\includepdf[pagecommand={\thispagestyle{fancy}}, trim = -25 90 -25 40,clip]{13_la_villanella}"
Il Ballarino,1581,"Caroso, Fabritio",14,Squilina,caroso_ballarino,14_squilina,1,SC,,,SC,,"cascarda, alta regina",Y,same as A section of Alta Regina,,,,,,"\addcontentsline{toc}{subsection}{Squilina}\includepdf[pagecommand={\thispagestyle{fancy}}, trim = -25 90 -25 40,clip]{14_squilina}"
Il Ballarino,1581,"Caroso, Fabritio",15,Passo e mezo,caroso_ballarino,5_ardente_sole,1,SC,,,SC,,"dolce amoroso fuoco, ardente sole",Y,also Dolce Amoroso Fuoco,,,,,,"\addcontentsline{toc}{subsection}{Passo e mezo}\includepdf[pagecommand={\thispagestyle{fancy}}, trim = -25 90 -25 40,clip]{5_ardente_sole}"
Il Ballarino,1581,"Caroso, Fabritio",16,Conto dell'Orco,caroso_ballarino,16_conto_dellorco,1,SC,,,SC,,balletto,Y,,,,,,,"\addcontentsline{toc}{subsection}{Conto dell'Orco}\includepdf[pagecommand={\thispagestyle{fancy}}, trim = -25 90 -25 40,clip]{16_conto_dellorco}"
Il Ballarino,1581,"Caroso, Fabritio",17,Bassa Ducale,caroso_ballarino,17_bassa_ducale,1,SC,,,SC,,balletto,Y,mensural/lute tab different keys,,,,,,"\addcontentsline{toc}{subsection}{Bassa Ducale}\includepdf[pagecommand={\thispagestyle{fancy}}, trim = -25 90 -25 40,clip]{17_bassa_ducale}"
Il Ballarino,1581,"Caroso, Fabritio",18,Se pensando al partire,caroso_ballarino,18_se_pensando_al_partire,1,SC,,,SC,,balletto,Y,mensural/lute tab different keys,,,,,,"\addcontentsline{toc}{subsection}{Se pensando al partire}\includepdf[pagecommand={\thispagestyle{fancy}}, trim = -25 90 -25 40,clip]{18_se_pensando_al_partire}"
Il Ballarino,1581,"Caroso, Fabritio",19,Copia Felice,caroso_ballarino,19_copia_felice,1,SC,,,SC,,balletto,Y,,,,,,,"\addcontentsline{toc}{subsection}{Copia Felice}\includepdf[pagecommand={\thispagestyle{fancy}}, trim = -25 90 -25 40,clip]{19_copia_felice}"
Il Ballarino,1581,"Caroso, Fabritio",20,Contentezza d'Amore,caroso_ballarino,20_contentezza_damore,1,SC,,,SC,,balletto,Y,,,,,,,"\addcontentsline{toc}{subsection}{Contentezza d'Amore}\includepdf[pagecommand={\thispagestyle{fancy}}, trim = -25 90 -25 40,clip]{20_contentezza_damore}"
Il Ballarino,1581,"Caroso, Fabritio",21,Bellezze d'Olimpia,caroso_ballarino,21_bellezze_dolimpia,1,SC,,,SC,,balletto,Y,,,,,,,"\addcontentsline{toc}{subsection}{Bellezze d'Olimpia}\includepdf[pagecommand={\thispagestyle{fancy}}, trim = -25 90 -25 40,clip]{21_bellezze_dolimpia}"
Il Ballarino,1581,"Caroso, Fabritio",22,Cesia Orsina,caroso_ballarino,22_cesia_orsina,1,SC,,,SC,,balletto,Y,mensural/lute tab different keys,,,,,,"\addcontentsline{toc}{subsection}{Cesia Orsina}\includepdf[pagecommand={\thispagestyle{fancy}}, trim = -25 90 -25 40,clip]{22_cesia_orsina}"
Il Ballarino,1581,"Caroso, Fabritio",23,Alta Orsina,caroso_ballarino,23_alta_orsina,0,C,,,C,,"balletto, passamezzo antico",Y,,,,,,,"\addcontentsline{toc}{subsection}{Alta Orsina}\includepdf[pagecommand={\thispagestyle{fancy}}, trim = -25 90 -25 40,clip]{23_alta_orsina}"
Il Ballarino,1581,"Caroso, Fabritio",24,Bassa Savella,caroso_ballarino,24_bassa_savella,0,C,,,C,,balletto,Y,,,,,,,"\addcontentsline{toc}{subsection}{Bassa Savella}\includepdf[pagecommand={\thispagestyle{fancy}}, trim = -25 90 -25 40,clip]{24_bassa_savella}"
Il Ballarino,1581,"Caroso, Fabritio",25,Bassa Honorata,caroso_ballarino,25_bassa_honorata,0,C,,,C,,"balletto, candida luna",Y,triple time section same as candida luna,,,,,,"\addcontentsline{toc}{subsection}{Bassa Honorata}\includepdf[pagecommand={\thispagestyle{fancy}}, trim = -25 90 -25 40,clip]{25_bassa_honorata}"
Il Ballarino,1581,"Caroso, Fabritio",26,Barriera,caroso_ballarino,26_barriera,0,C,,,C,,balletto,Y,also barriera nuova?,,,,,,"\addcontentsline{toc}{subsection}{Barriera}\includepdf[pagecommand={\thispagestyle{fancy}}, trim = -25 90 -25 40,clip]{26_barriera}"
Il Ballarino,1581,"Caroso, Fabritio",27,Bassa Romana,caroso_ballarino,27_bassa_romana,0,C,,,C,,balletto,Y,,,,,,,"\addcontentsline{toc}{subsection}{Bassa Romana}\includepdf[pagecommand={\thispagestyle{fancy}}, trim = -25 90 -25 40,clip]{27_bassa_romana}"
Il Ballarino,1581,"Caroso, Fabritio",28,Gratia d'Amore,caroso_ballarino,28_gratia_damore,0,C,,,,,balletto,,,,,,,,"\addcontentsline{toc}{subsection}{Gratia d'Amore}\includepdf[pagecommand={\thispagestyle{fancy}}, trim = -25 90 -25 40,clip]{28_gratia_damore}"
Il Ballarino,1581,"Caroso, Fabritio",29,Lucretia Favorita,caroso_ballarino,29_lucretia_favorita,0,C,,,,,balletto,,,,,,,,"\addcontentsline{toc}{subsection}{Lucretia Favorita}\includepdf[pagecommand={\thispagestyle{fancy}}, trim = -25 90 -25 40,clip]{29_lucretia_favorita}"
Il Ballarino,1581,"Caroso, Fabritio",30,Bentivoglio,caroso_ballarino,30_bentivoglio,0,C,,,,,cascarda,,,,,,,,"\addcontentsline{toc}{subsection}{Bentivoglio}\includepdf[pagecommand={\thispagestyle{fancy}}, trim = -25 90 -25 40,clip]{30_bentivoglio}"
Il Ballarino,1581,"Caroso, Fabritio",31,Pungente Dardo,caroso_ballarino,31_pungente_dardo,0,C,,,,,balletto,,,,,,,,"\addcontentsline{toc}{subsection}{Pungente Dardo}\includepdf[pagecommand={\thispagestyle{fancy}}, trim = -25 90 -25 40,clip]{31_pungente_dardo}"
Il Ballarino,1581,"Caroso, Fabritio",32,Coppia Cappelli,caroso_ballarino,32_coppia_cappelli,0,C,,,,,balletto,,,,,,,,"\addcontentsline{toc}{subsection}{Coppia Cappelli}\includepdf[pagecommand={\thispagestyle{fancy}}, trim = -25 90 -25 40,clip]{32_coppia_cappelli}"
Il Ballarino,1581,"Caroso, Fabritio",33,Amor Felice,caroso_ballarino,33_amor_felice,0,C,,,,,balletto,,,,,,,,"\addcontentsline{toc}{subsection}{Amor Felice}\includepdf[pagecommand={\thispagestyle{fancy}}, trim = -25 90 -25 40,clip]{33_amor_felice}"
Il Ballarino,1581,"Caroso, Fabritio",34,Bella Gioiosa,caroso_ballarino,34_bella_gioiosa,0,C,,,,,cascarda,,,,,,,,"\addcontentsline{toc}{subsection}{Bella Gioiosa}\includepdf[pagecommand={\thispagestyle{fancy}}, trim = -25 90 -25 40,clip]{34_bella_gioiosa}"
Il Ballarino,1581,"Caroso, Fabritio",35,Nobilta,caroso_ballarino,35_nobilta,0,C,,,,,balletto,,,,,,,,"\addcontentsline{toc}{subsection}{Nobilta}\includepdf[pagecommand={\thispagestyle{fancy}}, trim = -25 90 -25 40,clip]{35_nobilta}"
Il Ballarino,1581,"Caroso, Fabritio",36,Fiamma d'Amore,caroso_ballarino,36_fiamma_damore,0,C,,,,,cascarda,,,,,,,,"\addcontentsline{toc}{subsection}{Fiamma d'Amore}\includepdf[pagecommand={\thispagestyle{fancy}}, trim = -25 90 -25 40,clip]{36_fiamma_damore}"
Il Ballarino,1581,"Caroso, Fabritio",37,Saporita,caroso_ballarino,37_saporita,0,C,,,,,balletto,,,,,,,,"\addcontentsline{toc}{subsection}{Saporita}\includepdf[pagecommand={\thispagestyle{fancy}}, trim = -25 90 -25 40,clip]{37_saporita}"
Il Ballarino,1581,"Caroso, Fabritio",38,Leggiadria d'Amore,caroso_ballarino,38_leggiadria_damore,0,C,,,,,balletto,,,,,,,,"\addcontentsline{toc}{subsection}{Leggiadria d'Amore}\includepdf[pagecommand={\thispagestyle{fancy}}, trim = -25 90 -25 40,clip]{38_leggiadria_damore}"
Il Ballarino,1581,"Caroso, Fabritio",39,Alta Vittoria,caroso_ballarino,39_alta_vittoria,0,C,,,,,balletto,,,,,,,,"\addcontentsline{toc}{subsection}{Alta Vittoria}\includepdf[pagecommand={\thispagestyle{fancy}}, trim = -25 90 -25 40,clip]{39_alta_vittoria}"
Il Ballarino,1581,"Caroso, Fabritio",40,Amor mio,caroso_ballarino,40_amor_mio,0,C,,,,,balletto,,,,,,,,"\addcontentsline{toc}{subsection}{Amor mio}\includepdf[pagecommand={\thispagestyle{fancy}}, trim = -25 90 -25 40,clip]{40_amor_mio}"
Il Ballarino,1581,"Caroso, Fabritio",41,Allegrezza d'Amore,caroso_ballarino,41_allegrezza_damore,0,C,,,,,cascarda,,,,,,,,"\addcontentsline{toc}{subsection}{Allegrezza d'Amore}\includepdf[pagecommand={\thispagestyle{fancy}}, trim = -25 90 -25 40,clip]{41_allegrezza_damore}"
Il Ballarino,1581,"Caroso, Fabritio",42,Coppio Matthei,caroso_ballarino,42_coppio_matthei,0,C,,,,,balletto,,,,,,,,"\addcontentsline{toc}{subsection}{Coppio Matthei}\includepdf[pagecommand={\thispagestyle{fancy}}, trim = -25 90 -25 40,clip]{42_coppio_matthei}"
Il Ballarino,1581,"Caroso, Fabritio",43,Pavana Matthei,caroso_ballarino,43_pavana_matthei,0,C,,,,,balletto,,,,,,,,"\addcontentsline{toc}{subsection}{Pavana Matthei}\includepdf[pagecommand={\thispagestyle{fancy}}, trim = -25 90 -25 40,clip]{43_pavana_matthei}"
Il Ballarino,1581,"Caroso, Fabritio",44,Chiara Stella,caroso_ballarino,44_chiara_stella,0,C,,,,,cascarda,,,,,,,,"\addcontentsline{toc}{subsection}{Chiara Stella}\includepdf[pagecommand={\thispagestyle{fancy}}, trim = -25 90 -25 40,clip]{44_chiara_stella}"
Il Ballarino,1581,"Caroso, Fabritio",45,Gentilezza d'Amore,caroso_ballarino,45_gentilezza_damore,0,C,,,,,cascarda,,,,,,,,"\addcontentsline{toc}{subsection}{Gentilezza d'Amore}\includepdf[pagecommand={\thispagestyle{fancy}}, trim = -25 90 -25 40,clip]{45_gentilezza_damore}"
Il Ballarino,1581,"Caroso, Fabritio",46,Rustica Palina,caroso_ballarino,46_rustica_palina,0,C,,,,,balletto,,,,,,,,"\addcontentsline{toc}{subsection}{Rustica Palina}\includepdf[pagecommand={\thispagestyle{fancy}}, trim = -25 90 -25 40,clip]{46_rustica_palina}"
Il Ballarino,1581,"Caroso, Fabritio",47,Alta Sergarda,caroso_ballarino,47_alta_sergarda,0,C,,,,,cascarda,,,,,,,,"\addcontentsline{toc}{subsection}{Alta Sergarda}\includepdf[pagecommand={\thispagestyle{fancy}}, trim = -25 90 -25 40,clip]{47_alta_sergarda}"
Il Ballarino,1581,"Caroso, Fabritio",48,Gloria d'Amore,caroso_ballarino,48_gloria_damore,0,C,,,,,cascarda,,,,,,,,"\addcontentsline{toc}{subsection}{Gloria d'Amore}\includepdf[pagecommand={\thispagestyle{fancy}}, trim = -25 90 -25 40,clip]{48_gloria_damore}"
Il Ballarino,1581,"Caroso, Fabritio",49,Candida Luna,caroso_ballarino,49_candida_luna,0,C,,,,,"cascarda, bassa honorata",,,,,,,,"\addcontentsline{toc}{subsection}{Candida Luna}\includepdf[pagecommand={\thispagestyle{fancy}}, trim = -25 90 -25 40,clip]{49_candida_luna}"
Il Ballarino,1581,"Caroso, Fabritio",50,Rustica Amorosa,caroso_ballarino,50_rustica_amorosa,0,C,,,,,balletto,,,,,,,,"\addcontentsline{toc}{subsection}{Rustica Amorosa}\includepdf[pagecommand={\thispagestyle{fancy}}, trim = -25 90 -25 40,clip]{50_rustica_amorosa}"
Il Ballarino,1581,"Caroso, Fabritio",51,Ombrosa Valle,caroso_ballarino,51_ombrosa_valle,0,C,,,,,balletto,,,,,,,,"\addcontentsline{toc}{subsection}{Ombrosa Valle}\includepdf[pagecommand={\thispagestyle{fancy}}, trim = -25 90 -25 40,clip]{51_ombrosa_valle}"
Il Ballarino,1581,"Caroso, Fabritio",52,Alta Ragonia,caroso_ballarino,52_alta_ragonia,0,C,,,,,balletto,,,,,,,,"\addcontentsline{toc}{subsection}{Alta Ragonia}\includepdf[pagecommand={\thispagestyle{fancy}}, trim = -25 90 -25 40,clip]{52_alta_ragonia}"
Il Ballarino,1581,"Caroso, Fabritio",53,Gracca Amorosa,caroso_ballarino,53_gracca_amorosa,0,C,,,,,cascarda,,,,,,,,"\addcontentsline{toc}{subsection}{Gracca Amorosa}\includepdf[pagecommand={\thispagestyle{fancy}}, trim = -25 90 -25 40,clip]{53_gracca_amorosa}"
Il Ballarino,1581,"Caroso, Fabritio",54,Alta Morona,caroso_ballarino,54_alta_morona,0,C,,,,,balletto,,,,,,,,"\addcontentsline{toc}{subsection}{Alta Morona}\includepdf[pagecommand={\thispagestyle{fancy}}, trim = -25 90 -25 40,clip]{54_alta_morona}"
Il Ballarino,1581,"Caroso, Fabritio",55,Giunto m'ha Amore,caroso_ballarino,55_giunto_mha_amore,0,C,,,,,balletto,,,,,,,,"\addcontentsline{toc}{subsection}{Giunto m'ha Amore}\includepdf[pagecommand={\thispagestyle{fancy}}, trim = -25 90 -25 40,clip]{55_giunto_mha_amore}"
Il Ballarino,1581,"Caroso, Fabritio",56,Meraviglia d'Amore,caroso_ballarino,56_meraviglia_damore,0,C,,,,,"cascarda, amor costante",,,,,,,,"\addcontentsline{toc}{subsection}{Meraviglia d'Amore}\includepdf[pagecommand={\thispagestyle{fancy}}, trim = -25 90 -25 40,clip]{56_meraviglia_damore}"
Il Ballarino,1581,"Caroso, Fabritio",57,Castellana,caroso_ballarino,57_castellana,0,C,,,,,cascarda,,,,,,,,"\addcontentsline{toc}{subsection}{Castellana}\includepdf[pagecommand={\thispagestyle{fancy}}, trim = -25 90 -25 40,clip]{57_castellana}"
Il Ballarino,1581,"Caroso, Fabritio",58,Laccio d'Amore,caroso_ballarino,58_laccio_damore,0,C,,,,,cascarda,,,,,,,,"\addcontentsline{toc}{subsection}{Laccio d'Amore}\includepdf[pagecommand={\thispagestyle{fancy}}, trim = -25 90 -25 40,clip]{58_laccio_damore}"
Il Ballarino,1581,"Caroso, Fabritio",59,Nuova Fenice,caroso_ballarino,59_nuova_fenice,0,C,,,,,balletto,,,,,,,,"\addcontentsline{toc}{subsection}{Nuova Fenice}\includepdf[pagecommand={\thispagestyle{fancy}}, trim = -25 90 -25 40,clip]{59_nuova_fenice}"
Il Ballarino,1581,"Caroso, Fabritio",60,Leggiadra Ninfa,caroso_ballarino,60_leggiadra_ninfa,0,C,,,,,cascarda,,,,,,,,"\addcontentsline{toc}{subsection}{Leggiadra Ninfa}\includepdf[pagecommand={\thispagestyle{fancy}}, trim = -25 90 -25 40,clip]{60_leggiadra_ninfa}"
Il Ballarino,1581,"Caroso, Fabritio",61,Fedelta,caroso_ballarino,61_fedelta,0,C,,,,,cascarda,,,,,,,,"\addcontentsline{toc}{subsection}{Fedelta}\includepdf[pagecommand={\thispagestyle{fancy}}, trim = -25 90 -25 40,clip]{61_fedelta}"
Il Ballarino,1581,"Caroso, Fabritio",62,Contrapasso Nuovo,caroso_ballarino,62_contrapasso_nuovo,0,C,,,,,balletto,,also contrapasso,,,,,,"\addcontentsline{toc}{subsection}{Contrapasso Nuovo}\includepdf[pagecommand={\thispagestyle{fancy}}, trim = -25 90 -25 40,clip]{62_contrapasso_nuovo}"
Il Ballarino,1581,"Caroso, Fabritio",63,Furioso,caroso_ballarino,63_furioso,0,C,,,,,balletto,,,,,,,,"\addcontentsline{toc}{subsection}{Furioso}\includepdf[pagecommand={\thispagestyle{fancy}}, trim = -25 90 -25 40,clip]{63_furioso}"
Il Ballarino,1581,"Caroso, Fabritio",64,Cesarina,caroso_ballarino,64_cesarina,0,C,,,,,balletto,,,,,,,,"\addcontentsline{toc}{subsection}{Cesarina}\includepdf[pagecommand={\thispagestyle{fancy}}, trim = -25 90 -25 40,clip]{64_cesarina}"
Il Ballarino,1581,"Caroso, Fabritio",65,Felice Vittoria,caroso_ballarino,65_felice_vittoria,0,C,,,,,balletto,,,,,,,,"\addcontentsline{toc}{subsection}{Felice Vittoria}\includepdf[pagecommand={\thispagestyle{fancy}}, trim = -25 90 -25 40,clip]{65_felice_vittoria}"
Il Ballarino,1581,"Caroso, Fabritio",66,"Bassa, & Alta",caroso_ballarino,66_bassa_et_alta,0,C,,,,,balletto,,,,,,,,"\addcontentsline{toc}{subsection}{Bassa, & Alta}\includepdf[pagecommand={\thispagestyle{fancy}}, trim = -25 90 -25 40,clip]{66_bassa_et_alta}"
Il Ballarino,1581,"Caroso, Fabritio",67,Ballo del Fiore,caroso_ballarino,67_ballo_del_fiore,0,C,,,,,,,,,,,,,"\addcontentsline{toc}{subsection}{Ballo del Fiore}\includepdf[pagecommand={\thispagestyle{fancy}}, trim = -25 90 -25 40,clip]{67_ballo_del_fiore}"
Il Ballarino,1581,"Caroso, Fabritio",68,Torneo Amoroso,caroso_ballarino,68_torneo_amoroso,0,C,,,,,balletto,,,,,,,,"\addcontentsline{toc}{subsection}{Torneo Amoroso}\includepdf[pagecommand={\thispagestyle{fancy}}, trim = -25 90 -25 40,clip]{68_torneo_amoroso}"
Il Ballarino,1581,"Caroso, Fabritio",69,Bassa Toscana,caroso_ballarino,69_bassa_toscana,0,C,,,,,balletto,,,,,,,,"\addcontentsline{toc}{subsection}{Bassa Toscana}\includepdf[pagecommand={\thispagestyle{fancy}}, trim = -25 90 -25 40,clip]{69_bassa_toscana}"
Il Ballarino,1581,"Caroso, Fabritio",70,Spagnoletta,caroso_ballarino,70_spagnoletta,0,C,,,,,,,also spagnoletta nuova,,,,,,"\addcontentsline{toc}{subsection}{Spagnoletta}\includepdf[pagecommand={\thispagestyle{fancy}}, trim = -25 90 -25 40,clip]{70_spagnoletta}"
Il Ballarino,1581,"Caroso, Fabritio",71,Bassa Pompilia,caroso_ballarino,71_bassa_pompilia,0,C,,,,,balletto,,,,,,,,"\addcontentsline{toc}{subsection}{Bassa Pompilia}\includepdf[pagecommand={\thispagestyle{fancy}}, trim = -25 90 -25 40,clip]{71_bassa_pompilia}"
Il Ballarino,1581,"Caroso, Fabritio",72,Tordiglione,caroso_ballarino,72_tordiglione,0,C,,,,,,,,,,,,,"\addcontentsline{toc}{subsection}{Tordiglione}\includepdf[pagecommand={\thispagestyle{fancy}}, trim = -25 90 -25 40,clip]{72_tordiglione}"
Il Ballarino,1581,"Caroso, Fabritio",73,Vita quant'haggio,caroso_ballarino,73_vita_quanthaggio,0,C,,,,,cascarda,,,,,,,,"\addcontentsline{toc}{subsection}{Vita quant'haggio}\includepdf[pagecommand={\thispagestyle{fancy}}, trim = -25 90 -25 40,clip]{73_vita_quanthaggio}"
Il Ballarino,1581,"Caroso, Fabritio",74,Alta Ruissa,caroso_ballarino,74_alta_ruissa,0,C,,,,,balletto,,,,,,,,"\addcontentsline{toc}{subsection}{Alta Ruissa}\includepdf[pagecommand={\thispagestyle{fancy}}, trim = -25 90 -25 40,clip]{74_alta_ruissa}"
Il Ballarino,1581,"Caroso, Fabritio",75,Chiaranzana,caroso_ballarino,75_chiaranzana,0,C,,,,,,,,,,,,,"\addcontentsline{toc}{subsection}{Chiaranzana}\includepdf[pagecommand={\thispagestyle{fancy}}, trim = -25 90 -25 40,clip]{75_chiaranzana}"
Il Ballarino,1581,"Caroso, Fabritio",76,Canario,caroso_ballarino,76_canario,0,C,,,,,,,,,,,,,"\addcontentsline{toc}{subsection}{Canario}\includepdf[pagecommand={\thispagestyle{fancy}}, trim = -25 90 -25 40,clip]{76_canario}"
Il Ballarino,1581,"Caroso, Fabritio",77,Piantone,caroso_ballarino,77_piantone,0,C,,,,,,,,,,,,,"\addcontentsline{toc}{subsection}{Piantone}\includepdf[pagecommand={\thispagestyle{fancy}}, trim = -25 90 -25 40,clip]{77_piantone}"
Two Bookes of Ayres,1613,"Campion, Thomas",1-1,Author of light,campion_ayres1-2,1_author_of_light,4,SATBC,SATB,English,SATBC,SATB,ties,,,,,,,,"\addcontentsline{toc}{subsection}{Author of light}\includepdf[pagecommand={\thispagestyle{fancy}}, trim = -25 90 -25 40,clip]{1_author_of_light}"
Two Bookes of Ayres,1613,"Campion, Thomas",1-2,The man of life upright,campion_ayres1-2,2_the_man,4,SATBC,SATB,English,,,,,,,,,,,"\addcontentsline{toc}{subsection}{The man of life upright}\includepdf[pagecommand={\thispagestyle{fancy}}, trim = -25 90 -25 40,clip]{2_the_man}"
Two Bookes of Ayres,1613,"Campion, Thomas",1-3,Where are all thy beauties now?,campion_ayres1-2,3_where_are_all,4,SATBC,SATB,English,,,,,,,,,,,"\addcontentsline{toc}{subsection}{Where are all thy beauties now?}\includepdf[pagecommand={\thispagestyle{fancy}}, trim = -25 90 -25 40,clip]{3_where_are_all}"
Two Bookes of Ayres,1613,"Campion, Thomas",1-4,Out of my soules depth,campion_ayres1-2,4_out_of_my_soules,4,SATBC,SATB,English,,,,,,,,,,,"\addcontentsline{toc}{subsection}{Out of my soules depth}\includepdf[pagecommand={\thispagestyle{fancy}}, trim = -25 90 -25 40,clip]{4_out_of_my_soules}"
Two Bookes of Ayres,1613,"Campion, Thomas",1-5,View me Lord a worke of thine,campion_ayres1-2,5_view_me_lord,4,SATBC,SATB,English,,,,,,,,,,,"\addcontentsline{toc}{subsection}{View me Lord a worke of thine}\includepdf[pagecommand={\thispagestyle{fancy}}, trim = -25 90 -25 40,clip]{5_view_me_lord}"
Two Bookes of Ayres,1613,"Campion, Thomas",1-6,Bravely deckt come forth bright day,campion_ayres1-2,6_bravely_deckt,4,SATBC,SATB,English,,,,,,,,,,,"\addcontentsline{toc}{subsection}{Bravely deckt come forth bright day}\includepdf[pagecommand={\thispagestyle{fancy}}, trim = -25 90 -25 40,clip]{6_bravely_deckt}"
Two Bookes of Ayres,1613,"Campion, Thomas",1-7,To Musicke bent is my retyred minde,campion_ayres1-2,7_to_musicke_bent,4,SATBC,SATB,English,,,,,,,,,,,"\addcontentsline{toc}{subsection}{To Musicke bent is my retyred minde}\includepdf[pagecommand={\thispagestyle{fancy}}, trim = -25 90 -25 40,clip]{7_to_musicke_bent}"
Two Bookes of Ayres,1613,"Campion, Thomas",1-8,Tune thy Musicke to thy hart,campion_ayres1-2,8_tune_thy_musicke,4,SATBC,SATB,English,,,,,,,,,,,"\addcontentsline{toc}{subsection}{Tune thy Musicke to thy hart}\includepdf[pagecommand={\thispagestyle{fancy}}, trim = -25 90 -25 40,clip]{8_tune_thy_musicke}"
Two Bookes of Ayres,1613,"Campion, Thomas",1-9,Most sweet and pleasing,campion_ayres1-2,9_most_sweet,4,SATBC,SATB,English,,,,,,,,,,,"\addcontentsline{toc}{subsection}{Most sweet and pleasing}\includepdf[pagecommand={\thispagestyle{fancy}}, trim = -25 90 -25 40,clip]{9_most_sweet}"
Two Bookes of Ayres,1613,"Campion, Thomas",1-10,Wise men patience never want,campion_ayres1-2,10_wise_men,4,SATBC,SATB,English,,,,,,,,,,,"\addcontentsline{toc}{subsection}{Wise men patience never want}\includepdf[pagecommand={\thispagestyle{fancy}}, trim = -25 90 -25 40,clip]{10_wise_men}"
Two Bookes of Ayres,1613,"Campion, Thomas",1-11,Never weather-beaten saile,campion_ayres1-2,11_never_weather-beaten,4,SATBC,SATB,English,,,,,,,,,,,"\addcontentsline{toc}{subsection}{Never weather-beaten saile}\includepdf[pagecommand={\thispagestyle{fancy}}, trim = -25 90 -25 40,clip]{11_never_weather-beaten}"
Two Bookes of Ayres,1613,"Campion, Thomas",1-12,Lift up to heaven sad wretch,campion_ayres1-2,12_lift_up_to_heaven,4,SATBC,SATB,English,,,,,,,,,,,"\addcontentsline{toc}{subsection}{Lift up to heaven sad wretch}\includepdf[pagecommand={\thispagestyle{fancy}}, trim = -25 90 -25 40,clip]{12_lift_up_to_heaven}"
Two Bookes of Ayres,1613,"Campion, Thomas",1-13,"Loe, when backe mine eye",campion_ayres1-2,13_loe_when_backe,4,SATBC,SATB,English,,,,,,,,,,,"\addcontentsline{toc}{subsection}{Loe, when backe mine eye}\includepdf[pagecommand={\thispagestyle{fancy}}, trim = -25 90 -25 40,clip]{13_loe_when_backe}"
Two Bookes of Ayres,1613,"Campion, Thomas",1-14,As by the streames of Babilon,campion_ayres1-2,14_as_by_the_streames,4,SATBC,SATB,English,,,,,,,,,,,"\addcontentsline{toc}{subsection}{As by the streames of Babilon}\includepdf[pagecommand={\thispagestyle{fancy}}, trim = -25 90 -25 40,clip]{14_as_by_the_streames}"
Two Bookes of Ayres,1613,"Campion, Thomas",1-15,Sing a Song of ioy,campion_ayres1-2,15_sing_a_song,4,SATBC,SATB,English,,,,,,,,,,,"\addcontentsline{toc}{subsection}{Sing a Song of ioy}\includepdf[pagecommand={\thispagestyle{fancy}}, trim = -25 90 -25 40,clip]{15_sing_a_song}"
Two Bookes of Ayres,1613,"Campion, Thomas",1-16,Awake thou heavy spright,campion_ayres1-2,16_awake_thou,4,SATBC,SATB,English,,,,,,,,,,,"\addcontentsline{toc}{subsection}{Awake thou heavy spright}\includepdf[pagecommand={\thispagestyle{fancy}}, trim = -25 90 -25 40,clip]{16_awake_thou}"
Two Bookes of Ayres,1613,"Campion, Thomas",1-17,Come chearfull day,campion_ayres1-2,17_come_chearfull,3,SABC,SAB,English,,,,,,,,,,,"\addcontentsline{toc}{subsection}{Come chearfull day}\includepdf[pagecommand={\thispagestyle{fancy}}, trim = -25 90 -25 40,clip]{17_come_chearfull}"
Two Bookes of Ayres,1613,"Campion, Thomas",1-18,Seeke the Lord,campion_ayres1-2,18_seeke_the_lord,3,SABC,SAB,English,,,,,,,,,,,"\addcontentsline{toc}{subsection}{Seeke the Lord}\includepdf[pagecommand={\thispagestyle{fancy}}, trim = -25 90 -25 40,clip]{18_seeke_the_lord}"
Two Bookes of Ayres,1613,"Campion, Thomas",1-19,Lighten heavy heart thy spright,campion_ayres1-2,19_lighten_heavy_heart,3,SABC,SAB,English,,,,,,,,,,,"\addcontentsline{toc}{subsection}{Lighten heavy heart thy spright}\includepdf[pagecommand={\thispagestyle{fancy}}, trim = -25 90 -25 40,clip]{19_lighten_heavy_heart}"
Two Bookes of Ayres,1613,"Campion, Thomas",1-20,Iacke and Ione they thinke no ill,campion_ayres1-2,20_iacke_and_ione,3,SABC,SAB,English,,,,,,,,,,,"\addcontentsline{toc}{subsection}{Iacke and Ione they thinke no ill}\includepdf[pagecommand={\thispagestyle{fancy}}, trim = -25 90 -25 40,clip]{20_iacke_and_ione}"
Two Bookes of Ayres,1613,"Campion, Thomas",1-21,All lookes be pale,campion_ayres1-2,21_all_lookes,2,SBC,S-,English,,,,,,,,,,,"\addcontentsline{toc}{subsection}{All lookes be pale}\includepdf[pagecommand={\thispagestyle{fancy}}, trim = -25 90 -25 40,clip]{21_all_lookes}"
Two Bookes of Ayres,1613,"Campion, Thomas",2-1,Vaine men whose follies,campion_ayres1-2,22_vaine_men,3,STBC,STB,English,STBC,STB,,Y,,,,,,,"\addcontentsline{toc}{subsection}{Vaine men whose follies}\includepdf[pagecommand={\thispagestyle{fancy}}, trim = -25 90 -25 40,clip]{22_vaine_men}"
Two Bookes of Ayres,1613,"Campion, Thomas",2-2,How eas'ly wert thou chained?,campion_ayres1-2,23_how_easly,3,STBC,STB,English,STBC,STB,,Y,,,,,,,"\addcontentsline{toc}{subsection}{How eas'ly wert thou chained?}\includepdf[pagecommand={\thispagestyle{fancy}}, trim = -25 90 -25 40,clip]{23_how_easly}"
Two Bookes of Ayres,1613,"Campion, Thomas",2-3,Harden now thy tyred hart,campion_ayres1-2,24_harden_now,3,STBC,STB,English,STBC,STB,,Y,,,,,,,"\addcontentsline{toc}{subsection}{Harden now thy tyred hart}\includepdf[pagecommand={\thispagestyle{fancy}}, trim = -25 90 -25 40,clip]{24_harden_now}"
Two Bookes of Ayres,1613,"Campion, Thomas",2-4,O what unhopt for sweet supply,campion_ayres1-2,25_o_what_unhopt,3,SABC,SAB,English,SABC,SAB,,Y,,,,,,,"\addcontentsline{toc}{subsection}{O what unhopt for sweet supply}\includepdf[pagecommand={\thispagestyle{fancy}}, trim = -25 90 -25 40,clip]{25_o_what_unhopt}"
Two Bookes of Ayres,1613,"Campion, Thomas",2-5,Where she her sacred bowre adornes,campion_ayres1-2,26_where_she,3,SABC,SAB,English,,,,,,,,,,,"\addcontentsline{toc}{subsection}{Where she her sacred bowre adornes}\includepdf[pagecommand={\thispagestyle{fancy}}, trim = -25 90 -25 40,clip]{26_where_she}"
Two Bookes of Ayres,1613,"Campion, Thomas",2-6,Faine would I my love disclose,campion_ayres1-2,27_faine_would,3,SABC,SAB,English,,,,,,,,,,,"\addcontentsline{toc}{subsection}{Faine would I my love disclose}\includepdf[pagecommand={\thispagestyle{fancy}}, trim = -25 90 -25 40,clip]{27_faine_would}"
Two Bookes of Ayres,1613,"Campion, Thomas",2-7,Give beauty all her right,campion_ayres1-2,28_give_beauty,3,SABC,SAB,English,,,,,,,,,,,"\addcontentsline{toc}{subsection}{Give beauty all her right}\includepdf[pagecommand={\thispagestyle{fancy}}, trim = -25 90 -25 40,clip]{28_give_beauty}"
Two Bookes of Ayres,1613,"Campion, Thomas",2-8,O deare that I with thee,campion_ayres1-2,29_o_deare,3,SABC,SAB,English,,,,,,,,,,,"\addcontentsline{toc}{subsection}{O deare that I with thee}\includepdf[pagecommand={\thispagestyle{fancy}}, trim = -25 90 -25 40,clip]{29_o_deare}"
Two Bookes of Ayres,1613,"Campion, Thomas",2-9,Good men shew if you can tell,campion_ayres1-2,30_good_men_shew,3,SABC,SAB,English,,,,,,,,,,,"\addcontentsline{toc}{subsection}{Good men shew if you can tell}\includepdf[pagecommand={\thispagestyle{fancy}}, trim = -25 90 -25 40,clip]{30_good_men_shew}"
Two Bookes of Ayres,1613,"Campion, Thomas",2-10,What harvest halfe so sweet is?,campion_ayres1-2,31_what_harvest,3,SABC,SAB,English,,,,,,,,,,,"\addcontentsline{toc}{subsection}{What harvest halfe so sweet is?}\includepdf[pagecommand={\thispagestyle{fancy}}, trim = -25 90 -25 40,clip]{31_what_harvest}"
Two Bookes of Ayres,1613,"Campion, Thomas",2-11,Sweet exclude me not,campion_ayres1-2,32_sweet_exclude,3,SABC,SAB,English,,,,,,,,,,,"\addcontentsline{toc}{subsection}{Sweet exclude me not}\includepdf[pagecommand={\thispagestyle{fancy}}, trim = -25 90 -25 40,clip]{32_sweet_exclude}"
Two Bookes of Ayres,1613,"Campion, Thomas",2-12,The peacefull Westerne winde,campion_ayres1-2,33_the_peacefull,3,SABC,SAB,English,,,,,,,,,,,"\addcontentsline{toc}{subsection}{The peacefull Westerne winde}\includepdf[pagecommand={\thispagestyle{fancy}}, trim = -25 90 -25 40,clip]{33_the_peacefull}"
Two Bookes of Ayres,1613,"Campion, Thomas",2-13,"There is none, o none but you",campion_ayres1-2,34_there_is_none,3,SABC,SAB,English,,,,,,,,,,,"\addcontentsline{toc}{subsection}{There is none, o none but you}\includepdf[pagecommand={\thispagestyle{fancy}}, trim = -25 90 -25 40,clip]{34_there_is_none}"
Two Bookes of Ayres,1613,"Campion, Thomas",2-14,Pin'd I am and like to dye,campion_ayres1-2,35_pind_i_am,3,SABC,SAB,English,,,,,,,,,,,"\addcontentsline{toc}{subsection}{Pin'd I am and like to dye}\includepdf[pagecommand={\thispagestyle{fancy}}, trim = -25 90 -25 40,clip]{35_pind_i_am}"
Two Bookes of Ayres,1613,"Campion, Thomas",2-15,So many loves have I neglected,campion_ayres1-2,36_so_many_loves,3,SABC,SAB,English,,,,,,,,,,,"\addcontentsline{toc}{subsection}{So many loves have I neglected}\includepdf[pagecommand={\thispagestyle{fancy}}, trim = -25 90 -25 40,clip]{36_so_many_loves}"
Two Bookes of Ayres,1613,"Campion, Thomas",2-16,Though your strangenesse,campion_ayres1-2,37_though_your,3,SABC,SAB,English,,,,,,,,,,,"\addcontentsline{toc}{subsection}{Though your strangenesse}\includepdf[pagecommand={\thispagestyle{fancy}}, trim = -25 90 -25 40,clip]{37_though_your}"
Two Bookes of Ayres,1613,"Campion, Thomas",2-17,"Come away, arm'd with loves",campion_ayres1-2,38_come_away,3,SABC,SAB,English,,,,,,,,,,,"\addcontentsline{toc}{subsection}{Come away, arm'd with loves}\includepdf[pagecommand={\thispagestyle{fancy}}, trim = -25 90 -25 40,clip]{38_come_away}"
Two Bookes of Ayres,1613,"Campion, Thomas",2-18,Come you pretty false-ey'd,campion_ayres1-2,39_come_you_pretty,3,SABC,SAB,English,,,,,,,,,,,"\addcontentsline{toc}{subsection}{Come you pretty false-ey'd}\includepdf[pagecommand={\thispagestyle{fancy}}, trim = -25 90 -25 40,clip]{39_come_you_pretty}"
Two Bookes of Ayres,1613,"Campion, Thomas",2-19,A secret love or two,campion_ayres1-2,40_a_secret,3,SABC,SAB,English,,,,,,,,,,,"\addcontentsline{toc}{subsection}{A secret love or two}\includepdf[pagecommand={\thispagestyle{fancy}}, trim = -25 90 -25 40,clip]{40_a_secret}"
Two Bookes of Ayres,1613,"Campion, Thomas",2-20,Her rosie cheekes,campion_ayres1-2,41_her_rosie_cheekes,3,SABC,SAB,English,,,,,,,,,,,"\addcontentsline{toc}{subsection}{Her rosie cheekes}\includepdf[pagecommand={\thispagestyle{fancy}}, trim = -25 90 -25 40,clip]{41_her_rosie_cheekes}"
Two Bookes of Ayres,1613,"Campion, Thomas",2-21,Where shall I refuge seeke?,campion_ayres1-2,42_where_shall_i,2,SBC,S-,English,,,,,,,,,,,"\addcontentsline{toc}{subsection}{Where shall I refuge seeke?}\includepdf[pagecommand={\thispagestyle{fancy}}, trim = -25 90 -25 40,clip]{42_where_shall_i}"
Ricercate Passaggi et Cadentie,1585,"Bassano, Giovanni",1,Ricercata Prima,bassano_ricercate,1_ricercata_prima,1,S,,,S,,,Y,,,,,,,"\addcontentsline{toc}{subsection}{Ricercata Prima}\includepdf[pagecommand={\thispagestyle{fancy}}, trim = -25 90 -25 40,clip]{1_ricercata_prima}"
Ricercate Passaggi et Cadentie,1585,"Bassano, Giovanni",2,Ricercata Seconda,bassano_ricercate,2_ricercata_seconda,1,,,,,,,,,,,,,,"\addcontentsline{toc}{subsection}{Ricercata Seconda}\includepdf[pagecommand={\thispagestyle{fancy}}, trim = -25 90 -25 40,clip]{2_ricercata_seconda}"
Ricercate Passaggi et Cadentie,1585,"Bassano, Giovanni",3,Ricercata Terza,bassano_ricercate,3_ricercata_terza,1,,,,,,,,,,,,,,"\addcontentsline{toc}{subsection}{Ricercata Terza}\includepdf[pagecommand={\thispagestyle{fancy}}, trim = -25 90 -25 40,clip]{3_ricercata_terza}"
Ricercate Passaggi et Cadentie,1585,"Bassano, Giovanni",4,Ricercata Quarta,bassano_ricercate,4_ricercata_quarta,1,,,,,,,,,,,,,,"\addcontentsline{toc}{subsection}{Ricercata Quarta}\includepdf[pagecommand={\thispagestyle{fancy}}, trim = -25 90 -25 40,clip]{4_ricercata_quarta}"
Ricercate Passaggi et Cadentie,1585,"Bassano, Giovanni",5,Ricercata Quinta,bassano_ricercate,5_ricercata_quinta,1,,,,,,,,,,,,,,"\addcontentsline{toc}{subsection}{Ricercata Quinta}\includepdf[pagecommand={\thispagestyle{fancy}}, trim = -25 90 -25 40,clip]{5_ricercata_quinta}"
Ricercate Passaggi et Cadentie,1585,"Bassano, Giovanni",6,Ricercata Sesta,bassano_ricercate,6_ricercata_sesta,1,,,,,,,,,,,,,,"\addcontentsline{toc}{subsection}{Ricercata Sesta}\includepdf[pagecommand={\thispagestyle{fancy}}, trim = -25 90 -25 40,clip]{6_ricercata_sesta}"
Ricercate Passaggi et Cadentie,1585,"Bassano, Giovanni",7,Ricercata Settima,bassano_ricercate,7_ricercata_settima,1,,,,,,,,,,,,,,"\addcontentsline{toc}{subsection}{Ricercata Settima}\includepdf[pagecommand={\thispagestyle{fancy}}, trim = -25 90 -25 40,clip]{7_ricercata_settima}"
Ricercate Passaggi et Cadentie,1585,"Bassano, Giovanni",8,Ricercata Ottava,bassano_ricercate,8_ricercata_ottava,1,,,,,,,,,,,,,,"\addcontentsline{toc}{subsection}{Ricercata Ottava}\includepdf[pagecommand={\thispagestyle{fancy}}, trim = -25 90 -25 40,clip]{8_ricercata_ottava}"
Ricercate Passaggi et Cadentie,1585,"Bassano, Giovanni",9,Passaggi diminuiti,bassano_ricercate,9_passaggi,1,,,,,,,,,,,,,,"\addcontentsline{toc}{subsection}{Passaggi diminuiti}\includepdf[pagecommand={\thispagestyle{fancy}}, trim = -25 90 -25 40,clip]{9_passaggi}"
Ricercate Passaggi et Cadentie,1585,"Bassano, Giovanni",10,Cadentie diminuite,bassano_ricercate,10_cadentie,1,,,,,,,,,,,,,,"\addcontentsline{toc}{subsection}{Cadentie diminuite}\includepdf[pagecommand={\thispagestyle{fancy}}, trim = -25 90 -25 40,clip]{10_cadentie}"
Ricercate Passaggi et Cadentie,1585,"Bassano, Giovanni",11,Signor mio earo: di Cipriamo a 4. il primo libro.,bassano_ricercate,11_signor,1,,,,,,,,,,,,,,"\addcontentsline{toc}{subsection}{Signor mio earo: di Cipriamo a 4. il primo libro.}\includepdf[pagecommand={\thispagestyle{fancy}}, trim = -25 90 -25 40,clip]{11_signor}"
Ricercate Passaggi et Cadentie,1585,"Bassano, Giovanni",1b,Ricercata Prima - Transposed for Alto Recorder,bassano_ricercate,1_ricercata_prima_alto_rec,1,A,,,A,,,Y,,,,,,,"\addcontentsline{toc}{subsection}{Ricercata Prima - Transposed for Alto Recorder}\includepdf[pagecommand={\thispagestyle{fancy}}, trim = -25 90 -25 40,clip]{1_ricercata_prima_alto_rec}"
